<?xml version="1.0" encoding="utf-8"?>
<!DOCTYPE install SYSTEM "http://dev.joomla.org/xml/1.5/plugin-install.dtd">
<extension type="plugin" version="2.5" method="upgrade" group="hikashop">
	<name>Hikashop Etickets Plugin</name>
	<creationDate>October 2013</creationDate>
	<version>1.1</version>
	<author>Thomas Bouffon</author>
	<authorEmail>thomas.bouffon@gmail.com</authorEmail>
	<authorUrl>http://www.thomasbouffon.fr</authorUrl>
	<copyright>Copyright (C) 2013 Thomas Bouffon EIRL - All rights reserved.</copyright>
	<license>http://www.gnu.org/licenses/gpl-2.0.html GNU/GPL</license>
	<description>This plugin enables you to generate etickets</description>
	<files>
		<filename plugin="etickets">etickets.php</filename>
		<filename plugin="etickets">index.html</filename>
		<filename plugin="etickets">sql/install.sql</filename>
		<folder>language</folder>
		<folder>lib</folder>
		<folder>tmpl</folder>

	</files>
 	<install> <!-- Runs on install -->
		<sql>
			<file driver="mysql" charset="utf8">sql/install.sql</file>
		</sql>
	</install>
	<languages folder="language">
		<language tag="en-GB">en-GB/en-GB.plg_hikashop_etickets.ini</language>
		<language tag="fr-FR">fr-FR/fr-FR.plg_hikashop_etickets.ini</language>
	</languages>

	<params addpath="/components/com_hikashop/params">
	</params>
</extension>
